,uniprot_ids,hgnc_id,symbol,name,alias_symbol,alias_name,ev_association_score
0,Q2V2M9,HGNC:26178,FHOD3,formin homology 2 domain containing 3,FHOS2|KIAA1695|FLJ22297|FLJ22717,,1.487003517
1,Q8N9N5,HGNC:13450,BANP,BTG3 associated nuclear protein,SMARBP1|SMAR1|FLJ20538|DKFZp761H172|FLJ10177|BEND1,BEN domain containing 1,6.590856399
2,P19838,HGNC:7794,NFKB1,nuclear factor kappa B subunit 1,KBF1|p105|NFKB-p50|p50|NF-kappaB|NFkappaB|NF-kB1,Nuclear factor NF-kappa-B p105 subunit,13.83654937
3,P36957,HGNC:2911,DLST,dihydrolipoamide S-succinyltransferase,OGDC-E2|KGD2,Dihydrolipoyllysine-residue succinyltransferase|2-oxoglutarate dehydrogenase complex component E2,1.270204763
4,Q16877,HGNC:8875,PFKFB4,"6-phosphofructo-2-kinase/fructose-2,6-biphosphatase 4",,,1.202207034
5,O15213,HGNC:13923,WDR46,WD repeat domain 46,BING4|UTP7,,1.123240565
6,Q7Z6K4,HGNC:33843,NRARP,NOTCH regulated ankyrin repeat protein,MGC61598,,1.670176672
7,A6NEL2,HGNC:32958,SOWAHB,sosondowah ankyrin repeat domain family member B,,,1.246829591
8,Q6P0Q8,HGNC:19035,MAST2,microtubule associated serine/threonine kinase 2,MAST205|KIAA0807,,1.644754147
9,Q96MW7,HGNC:14523,TIGD1,tigger transposable element derived 1,EEYORE,,1.01743791
10,P48431,HGNC:11195,SOX2,SRY-box transcription factor 2,,,1.064086233
11,Q7Z698,HGNC:17722,SPRED2,sprouty related EVH1 domain containing 2,Spred-2|FLJ21897|FLJ31917,,2.004457288
12,Q7Z3Z3,HGNC:18443,PIWIL3,piwi like RNA-mediated gene silencing 3,HIWI3,,1.417452269
13,Q96F83,HGNC:20126,CLBA1,clathrin binding box of aftiphilin containing 1,,,26.83116626
14,Q9BV73,HGNC:1859,CEP250,centrosomal protein 250,C-NAP1,,1.167749228
15,P48382,HGNC:9986,RFX5,regulatory factor X5,,,1.846930788
16,Q49AG3,HGNC:30803,ZBED5,zinc finger BED-type containing 5,Buster1,,1.478415058
17,P30307,HGNC:1727,CDC25C,cell division cycle 25C,PPP1R60,"protein phosphatase 1, regulatory subunit 60|CDC25 homolog C (S. pombe)|M-phase inducer phosphatase 3",1.322757979
18,P08758,HGNC:543,ANXA5,annexin A5,CPB-I|PAP-I|VAC-alph|RPRGL3,annexin V|Calphobindin I|Placental anticoagulant protein I|Vascular anticoagulant-alpha|endonexin II,3.133470401
19,Q6PI47,HGNC:26446,KCTD18,potassium channel tetramerization domain containing 18,FLJ31322|6530404F10Rik|FLJ37818,,1.176006306
20,Q49AR2,HGNC:25639,C5orf22,chromosome 5 open reading frame 22,FLJ11193,,1.672707371
21,Q9H8E8,HGNC:15904,KAT14,lysine acetyltransferase 14,CRP2BP|dJ717M23.1|PRO1194|ATAC2,cysteine rich protein 2 binding protein|ATAC component 2 homolog (Drosophila),1.854286154
22,Q9HCM7,HGNC:29308,FBRSL1,fibrosin like 1,KIAA1545,,1.683296437
23,Q9NWN3,HGNC:20201,FBXO34,F-box protein 34,FLJ20725|Fbx34,,14.6662694
24,O75340,HGNC:8765,PDCD6,programmed cell death 6,ALG-2|PEF1B,apoptosis-linked gene-2,2.403951327
25,Q8WYA0,HGNC:14313,IFT81,intraflagellar transport 81,CDV-1R|MGC4027,,1.501845534
26,Q9Y6D5,HGNC:15853,ARFGEF2,ADP ribosylation factor guanine nucleotide exchange factor 2,BIG2,Brefeldin A-inhibited guanine nucleotide-exchange protein 2,1.109347456
27,P35548,HGNC:7392,MSX2,msh homeobox 2,CRS2|FPP|HOX8|MSH|PFM,"craniosynostosis, type 2",1.304373575
28,Q86X02,HGNC:29999,CDR2L,cerebellar degeneration related protein 2 like,HUMPPA,paraneoplastic antigen,1.240816338
29,O95600,HGNC:6351,KLF8,KLF transcription factor 8,BKLF3|ZNF741|DXS741,,1.774173161
30,P49116,HGNC:7972,NR2C2,nuclear receptor subfamily 2 group C member 2,TAK1|TR2R1|hTAK1,,13.70449679
31,Q96MP5,HGNC:16157,ZSWIM3,zinc finger SWIM-type containing 3,dJ337O18.7|PPP1R174,"protein phosphatase 1, regulatory subunit 174",1.196331271
32,P51531,HGNC:11098,SMARCA2,"SWI/SNF related, matrix associated, actin dependent regulator of chromatin, subfamily a, member 2",BAF190|hSNF2a|hBRM|Sth1p|SNF2LA|BRM|SNF2|SWI2,brahma homolog,1.294670504
33,Q8IYJ3,HGNC:15584,SYTL1,synaptotagmin like 1,SLP1|JFC1|FLJ14996|exophilin-7,,8.435462029
34,Q9UPV7,HGNC:29180,PHF24,PHD finger protein 24,GINIP,Gα inhibitory interacting protein,21.3263448
35,Q9UK58,HGNC:20569,CCNL1,cyclin L1,ania-6a,,1.884580016
36,Q14191,HGNC:12791,WRN,WRN RecQ like helicase,RECQL2|RECQ3,,1.680998745
37,O75031,HGNC:5226,HSF2BP,heat shock transcription factor 2 binding protein,MEILB2,heat shock factor 2 binding protein|meiotic localizer of BRCA2,1.606619405
38,P43487,HGNC:9847,RANBP1,RAN binding protein 1,HTF9A,,1.455733486
39,P53778,HGNC:6874,MAPK12,mitogen-activated protein kinase 12,ERK6|PRKM12|p38gamma|SAPK-3,,1.534457312
40,Q96IU4,HGNC:28235,ABHD14B,abhydrolase domain containing 14B,MGC15429|CIB,CCG1/TAFII250-interacting factor B,1.107897193
41,O95400,HGNC:1656,CD2BP2,CD2 cytoplasmic tail binding protein 2,LIN1|Snu40|PPP1R59|U5-52K,"protein phosphatase 1, regulatory subunit 59",1.140930953
42,A6NI79,HGNC:24487,CCDC69,coiled-coil domain containing 69,FLJ13705|DKFZP434C171,,1.905770035
43,Q12894,HGNC:5457,IFRD2,interferon related developmental regulator 2,SKMc15|SM15|IFNRP,interferon-related protein,7.236212555
44,Q5VZ46,HGNC:29327,KIAA1614,KIAA1614,,,2.261288593
45,Q9NXZ1,HGNC:30369,SAGE1,sarcoma antigen 1,SAGE|CT14,cancer/testis antigen 14,1.991082264
46,Q5SXH7,HGNC:26285,PLEKHS1,pleckstrin homology domain containing S1,FLJ23537|bA211N11.2,,1.877246408
47,Q8N841,HGNC:26664,TTLL6,tubulin tyrosine ligase like 6,FLJ35808,,1.03797075
48,P36952,HGNC:8949,SERPINB5,serpin family B member 5,maspin,protease inhibitor 5 (maspin),1.319276278
49,Q8TF30,HGNC:30493,WHAMM,"WASP homolog associated with actin, golgi membranes and microtubules",KIAA1971|WHAMM1,,2.176260282
50,Q9NSB8,HGNC:17513,HOMER2,homer scaffold protein 2,CPD|Cupidin|Vesl-2|HOMER-2B|HOMER-2|HOMER-2A|DFNA68,,1.197113062
51,P31689,HGNC:5229,DNAJA1,DnaJ heat shock protein family (Hsp40) member A1,HSPF4|hdj-2|dj-2|NEDD7,"neural precursor cell expressed, developmentally down-regulated 7",1.224881254
52,Q9P202,HGNC:16361,WHRN,whirlin,CIP98|USH2D|PDZD7B,,2.514054032
53,O96013,HGNC:16059,PAK4,p21 (RAC1) activated kinase 4,,,1.149665831
54,Q6P589,HGNC:26277,TNFAIP8L2,TNF alpha induced protein 8 like 2,FLJ23467,,1.328891242
55,Q4KMZ1,HGNC:25545,IQCC,IQ motif containing C,FLJ10547,,1.105649172
56,Q6P5Q4,HGNC:6648,LMOD2,leiomodin 2,C-Lmod,cardiac leiomodin,2.191683696
57,Q9BYG5,HGNC:16245,PARD6B,par-6 family cell polarity regulator beta,PAR-6B,,1.477932908
58,P43355,HGNC:6796,MAGEA1,MAGE family member A1,MGC9326|CT1.1,"melanoma-associated antigen 1|melanoma-associated antigen MZ2-E|melanoma antigen MAGE-1|melanoma antigen family A 1|cancer/testis antigen family 1, member 1",1.431328391
59,Q8N954,HGNC:26768,GPATCH11,G-patch domain containing 11,FLJ38348|CENPY|CENP-Y,centromere protein Y,1.1513756
60,P09874,HGNC:270,PARP1,poly(ADP-ribose) polymerase 1,PARP|ARTD1|Poly-PARP|PARS,,1.308070966
61,Q9Y572,HGNC:10021,RIPK3,receptor interacting serine/threonine kinase 3,RIP3,,2.520586821
62,Q6ZW76,HGNC:29422,ANKS3,ankyrin repeat and sterile alpha motif domain containing 3,KIAA1977|FLJ32345|FLJ32767,,3.539114938
63,O15265,HGNC:10560,ATXN7,ataxin 7,OPCA3|ADCAII|SGF73,Autosomal dominant cerebellar ataxia with retinal degeneration|SAGA associated factor 73 kDa homolog (S. cerevisiae),31.3317046
64,O43423,HGNC:16675,ANP32CP,"acidic nuclear phosphoprotein 32 family member C, pseudogene",PP32R1,,1.245204176
65,Q9Y2K2,HGNC:29165,SIK3,SIK family kinase 3,FLJ12240|L19|KIAA0999|QSK,salt-inducible kinase 3,1.864836346
66,P18031,HGNC:9642,PTPN1,protein tyrosine phosphatase non-receptor type 1,,,1.309920789
67,Q9P2D7,HGNC:2940,DNAH1,dynein axonemal heavy chain 1,XLHSRF-1|DNAHC1|HDHC7|HL-11|HL11,,1.75816179
68,Q13428,HGNC:11654,TCOF1,treacle ribosome biogenesis factor 1,treacle|TCS,,1.279904046
69,Q8IZQ5,HGNC:18251,SELENOH,selenoprotein H,SELH,,2.875042801
70,Q9UDT6,HGNC:2586,CLIP2,CAP-Gly domain containing linker protein 2,CLIP-115|KIAA0291|WSCR4|CLIP|WSCR3,,1.918401843
71,Q8IWE2,HGNC:25087,FAM114A1,family with sequence similarity 114 member A1,Noxp20,,1.105545668
72,Q8WVD5,HGNC:21159,RNF141,ring finger protein 141,ZFP26|ZNF230,,1.784037545
73,O94979,HGNC:17052,SEC31A,"SEC31 homolog A, COPII coat complex component",KIAA0905|ABP125|ABP130,,3.360838887
74,P20337,HGNC:9778,RAB3B,"RAB3B, member RAS oncogene family",,,1.947070791
75,Q8WU58,HGNC:25563,FAM222B,family with sequence similarity 222 member B,FLJ10700,,1.139043421
76,P55273,HGNC:1790,CDKN2D,cyclin dependent kinase inhibitor 2D,INK4D|p19,,1.103313269
77,Q9NUG6,HGNC:16119,PDRG1,p53 and DNA damage regulated 1,dJ310O13.3,,2.78616181
78,P30041,HGNC:16753,PRDX6,peroxiredoxin 6,AOP2|KIAA0106|1-Cys|NSGPx|PRX|aiPLA2|MGC46173|p29,,1.753566164
79,A2A288,HGNC:21175,ZC3H12D,zinc finger CCCH-type containing 12D,dJ281H8.1|MCPIP4,MCP induced protein 4,24.47142592
80,Q15032,HGNC:9757,R3HDM1,R3H domain containing 1,KIAA0029,,2.709479406
81,Q9H792,HGNC:29431,PEAK1,pseudopodium enriched atypical kinase 1,KIAA2002|sgk269,,1.565351968
82,Q9NU19,HGNC:21602,TBC1D22B,TBC1 domain family member 22B,FLJ20337|dJ744I24.2,,2.22540484
83,Q8TCU4,HGNC:428,ALMS1,ALMS1 centrosome and basal body associated protein,KIAA0328,,2.372487514
84,Q53S99,HGNC:25344,SLC19A4P,"solute carrier family 19 member 4, pseudogene",DKFZp547H025,,1.088423869
85,Q8N2Z9,HGNC:23163,CENPS,centromere protein S,CENP-S|FAAP16,,1.474220897
86,Q5T6F0,HGNC:19911,DCAF12,DDB1 and CUL4 associated factor 12,DKFZP434O125|MGC1058|CT102|TCC52,cancer/testis antigen 102,1.702728965
87,Q15435,HGNC:9295,PPP1R7,protein phosphatase 1 regulatory subunit 7,sds22,,35.96588708
88,Q9GZV4,HGNC:3301,EIF5A2,eukaryotic translation initiation factor 5A2,,,1.891465957
89,C9J069,HGNC:37284,AJM1,apical junction component 1 homolog,ajm-1,,1.280604464
90,Q12802,HGNC:371,AKAP13,A-kinase anchoring protein 13,Ht31|BRX|AKAP-Lbc|c-lbc|PROTO-LB|HA-3|ARHGEF13,,2.597155452
91,O15049,HGNC:29852,N4BP3,NEDD4 binding protein 3,LZTS4,,1.111312095
92,Q8IYX8,HGNC:21561,CEP57L1,centrosomal protein 57 like 1,bA487F23.2|MGC21731,,12.67620173
93,Q9H0F5,HGNC:18052,RNF38,ring finger protein 38,,,1.732718291
94,Q96MH7,HGNC:24738,C5orf34,chromosome 5 open reading frame 34,FLJ32363,,1.972429946
95,Q9Y233,HGNC:8772,PDE10A,phosphodiesterase 10A,,"cAMP and cAMP-inhibited cGMP 3',5'-cyclic phosphodiesterase 10A",1.090893539
96,Q86SQ0,HGNC:29573,PHLDB2,pleckstrin homology like domain family B member 2,LL5beta|FLJ21791|LL5b,,1.596671219
97,Q9BYT3,HGNC:14568,STK33,serine/threonine kinase 33,,,1.322983837
98,Q9BQD3,HGNC:28420,KXD1,KxDL motif containing 1,FLJ25480|MGC2749|KXDL|BORCS4,BLOC-1 related complex subunit 4,1.891813925
99,Q02641,HGNC:1401,CACNB1,calcium voltage-gated channel auxiliary subunit beta 1,,,2.697572684
100,Q9NXH3,HGNC:14953,PPP1R14D,protein phosphatase 1 regulatory inhibitor subunit 14D,CPI17-like|FLJ20251|GBPI-1|MGC119014|MGC119016,gut and brain phosphatase inhibitor 1|PKC-dependent PP1 inhibitory protein,1.247073746
101,C9J7I0,HGNC:48955,UMAD1,UBAP1-MVB12-associated (UMA) domain containing 1,,,2.181326064
102,Q96CA5,HGNC:13702,BIRC7,baculoviral IAP repeat containing 7,mliap|ML-IAP|KIAP|RNF50,melanoma inhibitor of apoptosis protein|kidney inhibitor of apoptosis protein|livin inhibitor-of-apoptosis|livin,4.46497418
103,O15212,HGNC:4926,PFDN6,prefoldin subunit 6,KE-2|H2-KE2|PFD6,,1.235492351
104,P30613,HGNC:9020,PKLR,pyruvate kinase L/R,,,1.604590582
105,Q15388,HGNC:20947,TOMM20,translocase of outer mitochondrial membrane 20,KIAA0016|TOM20|MOM19|MAS20,translocase of outer mitochondrial membrane 20 homolog type II,1.36420427
106,Q9NVN3,HGNC:25555,RIC8B,RIC8 guanine nucleotide exchange factor B,FLJ10620|hSyn|RIC8,,19.07888638
107,Q9NY30,HGNC:13862,BTG4,BTG anti-proliferation factor 4,PC3B|APRO3,,2.740335765
108,Q8IWW6,HGNC:16348,ARHGAP12,Rho GTPase activating protein 12,FLJ20737|FLJ10971|FLJ21785,,1.294033964
109,Q6Y7W6,HGNC:11960,GIGYF2,GRB10 interacting GYF protein 2,KIAA0642|GYF2,GYF domain containing 2,1.090895791
110,P19525,HGNC:9437,EIF2AK2,eukaryotic translation initiation factor 2 alpha kinase 2,PKR|PPP1R83,"protein phosphatase 1, regulatory subunit 83|Protein Kinase RNA-activated|protein kinase RNA-regulated|Protein Kinase R",1.503528474
111,Q8NCU1,HGNC:19860,CCDC197,coiled-coil domain containing 197,,,1.607049613
112,Q8TE73,HGNC:2950,DNAH5,dynein axonemal heavy chain 5,Dnahc5|HL1|PCD|CILD3|KTGNR,dynein heavy chain 5,1.009081331
113,Q5JY77,HGNC:24834,GPRASP1,G protein-coupled receptor associated sorting protein 1,GASP|GASP1,,1.578918724
114,Q6IS14,HGNC:17419,EIF5AL1,eukaryotic translation initiation factor 5A like 1,bA342M3.3,,4.433995392
115,Q9Y6B2,HGNC:1191,EID1,EP300 interacting inhibitor of differentiation 1,EID-1,,1.545840232
116,A6NE01,HGNC:26980,FAM186A,family with sequence similarity 186 member A,LOC121006,,1.370052307
117,Q5T9C2,HGNC:31419,EEIG1,estrogen-induced osteoclastogenesis regulator 1,Eeig1|bA203J24.7|SYM-3A,sym-3 homolog A (C. elegans)|early estrogen-induced gene 1,7.578487338
118,P06239,HGNC:6524,LCK,"LCK proto-oncogene, Src family tyrosine kinase",,,1.820617692
119,Q16825,HGNC:9651,PTPN21,protein tyrosine phosphatase non-receptor type 21,PTPD1|PTPRL10,,1.284940923
120,Q8IWZ8,HGNC:18643,SUGP1,SURP and G-patch domain containing 1,F23858|DKFZp434E2216|RBP,,4.849963551
121,Q96L91,HGNC:11958,EP400,E1A binding protein p400,CAGH32|KIAA1498|P400|KIAA1818|DKFZP434I225,hDomino(p400),1.459611793
122,P54132,HGNC:1058,BLM,BLM RecQ like helicase,BS|RECQL3|RECQ2,,1.964351513
123,Q9BT81,HGNC:18196,SOX7,SRY-box transcription factor 7,,,2.048057707
124,Q5VYM1,HGNC:31418,SPATA31G1,SPATA31 subfamily G member 1,MGC41945,,7.828629266
125,P62491,HGNC:9760,RAB11A,"RAB11A, member RAS oncogene family",YL8,,1.811127998
126,Q96Q35,HGNC:14439,FLACC1,flagellum associated containing coiled-coil domains 1,,,1.122524937
127,Q2M2D7,HGNC:26858,TBC1D28,TBC1 domain family member 28,FLJ40244,,1.841740151
128,Q8TEW0,HGNC:16051,PARD3,par-3 family cell polarity regulator,PAR3|PARD3A|Bazooka|Baz|ASIP|PPP1R118,"atypical PKC isotype-specific interacting protein|par-3 family cell polarity regulator alpha|protein phosphatase 1, regulatory subunit 118",1.175003152
129,Q9Y566,HGNC:15474,SHANK1,SH3 and multiple ankyrin repeat domains 1,SSTRIP|SPANK-1|synamon,somatostatin receptor-interacting protein,1.024985837
130,O95721,HGNC:11133,SNAP29,synaptosome associated protein 29,SNAP-29|CEDNIK,"soluble 29 kDa NSF attachment protein|cerebral dysgenesis, neuropathy, ichthyosis and keratoderma syndrome",2.654198902
131,Q8TDD2,HGNC:17321,SP7,Sp7 transcription factor,osterix|OSX,,1.43472893
132,Q9ULG3,HGNC:29231,CFAP92,cilia and flagella associated protein 92 (putative),FLJ43738|FAP92,,1.396082699
133,Q5T6C5,HGNC:28713,ATXN7L2,ataxin 7 like 2,MGC46534|FLJ00381,,1.837748489
134,P34897,HGNC:10852,SHMT2,serine hydroxymethyltransferase 2,mSHMT,mitochondrial serine hydroxymethyltransferase,1.068394057
135,Q9HA47,HGNC:14859,UCK1,uridine-cytidine kinase 1,URK1|FLJ12255,,1.209945989
136,Q8TC20,HGNC:21622,CAGE1,cancer antigen 1,bA69L16.7|CT95,cancer/testis antigen 95,1.304111448
137,Q9NRY5,HGNC:1333,FAM114A2,family with sequence similarity 114 member A2,133K02,,4.492284648
138,Q5TD94,HGNC:21558,RSPH4A,radial spoke head component 4A,dJ412I7.1|FLJ37974|RSPH6B|CILD11,,1.103456547
139,Q6ZU67,HGNC:23815,BEND4,BEN domain containing 4,FLJ35632|FLJ43965,,1.287330141
140,Q6PI77,HGNC:29353,GPRASP3,G protein-coupled receptor associated sorting protein family member 3,p60TRP|KIAA1701|GASP3,p60-transcription-regulator-protein,1.269578021
141,Q96Q07,HGNC:21228,BTBD9,BTB domain containing 9,KIAA1880|dJ322I12.1,,1.754185774
142,O60282,HGNC:6325,KIF5C,kinesin family member 5C,NKHC2,neuron-specific kinesin heavy chain 2,1.671699939
143,Q9NP61,HGNC:661,ARFGAP3,ADP ribosylation factor GTPase activating protein 3,,,1.269242433
144,Q96AY2,HGNC:24965,EME1,essential meiotic structure-specific endonuclease 1,FLJ31364|MMS4L|SLX2A,SLX2 structure-specific endonuclease subunit homolog A (S. cerevisiae),1.217778364
145,Q6ZW13,HGNC:33755,C16orf86,chromosome 16 open reading frame 86,FLJ41802,,1.296642096
146,Q9Y259,HGNC:1938,CHKB,choline kinase beta,CHETK,,1.363936816
147,Q8NEZ2,HGNC:24928,VPS37A,VPS37A subunit of ESCRT-I,FLJ32642|HCRP1|SPG53,hepatocellular carcinoma related protein 1,1.096063342
148,Q9Y5K6,HGNC:14258,CD2AP,CD2 associated protein,CMS,Cas ligand with multiple Src homology (SH) 3 domains,1.589440529
149,Q6ZNJ1,HGNC:31928,NBEAL2,neurobeachin like 2,KIAA0540,,1.27034911
150,Q9ULD9,HGNC:29238,ZNF608,zinc finger protein 608,KIAA1281|DKFZp434M098|NY-REN-36,,1.340154249
151,O60356,HGNC:29990,NUPR1,"nuclear protein 1, transcriptional regulator",COM1|p8,candidate of metastasis 1,1.836236801
152,O00186,HGNC:11446,STXBP3,syntaxin binding protein 3,UNC-18C,,1.297130191
153,P41235,HGNC:5024,HNF4A,hepatocyte nuclear factor 4 alpha,NR2A1|HNF4,,1.248211067
154,Q149N8,HGNC:19336,SHPRH,SNF2 histone linker PHD RING helicase,FLJ90837|KIAA2023|bA545I5.2,,1.075446166
155,P46199,HGNC:7441,MTIF2,mitochondrial translational initiation factor 2,IF-2mt,,1.818877
156,O00161,HGNC:11131,SNAP23,synaptosome associated protein 23,SNAP23A|SNAP23B|HsT17016,,2.443240963
157,O15021,HGNC:19037,MAST4,microtubule associated serine/threonine kinase family member 4,KIAA0303,,1.121737925
158,Q8NEM8,HGNC:27981,AGBL3,AGBL carboxypeptidase 3,MGC32955|CCP3,,1.176946208
159,Q9BZA5,HGNC:18473,TXLNGY,taxilin gamma Y-linked (pseudogene),,,14.2117992
160,Q9NP79,HGNC:20954,VTA1,vesicle trafficking 1,HSPC228|My012,,1.600998073
161,Q9NRE2,HGNC:13010,TSHZ2,teashirt zinc finger homeobox 2,ZABC2|OVC10-2|TSH2,,1.294861489
162,Q15696,HGNC:23019,ZRSR2,"zinc finger CCCH-type, RNA binding motif and serine/arginine rich 2",U2AF1-RS2|URP|ZC3H22,,8.243766188
163,Q9P032,HGNC:21034,NDUFAF4,NADH:ubiquinone oxidoreductase complex assembly factor 4,HSPC125|bA22L21.1|My013|HRPAP20,,2.920615601
164,O00203,HGNC:566,AP3B1,adaptor related protein complex 3 subunit beta 1,ADTB3A|HPS2,beta-3A,2.310576808
165,O43290,HGNC:10538,SART1,"spliceosome associated factor 1, recruiter of U4/U6.U5 tri-snRNP",Ara1|Snu66|SNRNP110|HAF,small nuclear ribonucleoprotein 110kDa (U4/U6.U5)|hypoxia associated factor,1.362074891
166,Q9UPQ0,HGNC:29191,LIMCH1,LIM and calponin homology domains 1,DKFZP686A01247|LIMCH1A|LMO7B,,1.370732169
167,Q16644,HGNC:6888,MAPKAPK3,MAPK activated protein kinase 3,3pK|MAPKAP3|3PK|MK-3|MK3,,1.375548117
168,P00966,HGNC:758,ASS1,argininosuccinate synthase 1,CTLN1,,1.446899591
169,Q96G42,HGNC:25145,KLHDC7B,kelch domain containing 7B,MGC16635,,1.151219184
170,Q96BZ8,HGNC:15502,LENG1,leukocyte receptor cluster member 1,,,1.215499471
171,Q01432,HGNC:470,AMPD3,adenosine monophosphate deaminase 3,,erythrocyte-specific AMP deaminase,1.526960883
172,Q9NWM3,HGNC:31350,CUEDC1,CUE domain containing 1,,,1.746519978
173,Q6ZV73,HGNC:21740,FGD6,"FYVE, RhoGEF and PH domain containing 6",ZFYVE24|FLJ11183,,7.188493743
174,Q9H2M3,HGNC:1048,BHMT2,betaine--homocysteine S-methyltransferase 2,,,1.270177535
175,Q8NDW8,HGNC:30761,TTC21A,tetratricopeptide repeat domain 21A,STI2|IFT139A|Thm2,Stress-inducible protein 2,1.142174373
176,Q8N535,HGNC:28668,LINC00471,long intergenic non-protein coding RNA 471,MGC43122,,1.37579083
177,Q9HAW4,HGNC:19715,CLSPN,claspin,,,1.421116528
178,Q9Y2H9,HGNC:19034,MAST1,microtubule associated serine/threonine kinase 1,SAST|KIAA0973,,1.121936867
179,Q6NZ36,HGNC:26428,FAAP20,FA core complex associated protein 20,FLJ31031,,1.587308273
180,Q9UM13,HGNC:24077,ANAPC10,anaphase promoting complex subunit 10,APC10|DOC1|DKFZP564L0562,,1.483033433
181,Q9NZQ9,HGNC:11874,TMOD4,tropomodulin 4,Sk-Tmod,actin-capping protein|skeletal tropomodulin,1.44290232
182,P57796,HGNC:1386,CABP4,calcium binding protein 4,CSNB2B,,1.410628547
183,Q5SQS7,HGNC:31440,SH2D4B,SH2 domain containing 4B,,,1.502111726
184,P14317,HGNC:4844,HCLS1,hematopoietic cell-specific Lyn substrate 1,HS1|CTTNL,cortactin-like,1.185781174
185,Q9P266,HGNC:29283,JCAD,junctional cadherin 5 associated,,junctional protein associated with coronary artery disease,3.070718074
186,Q99584,HGNC:10490,S100A13,S100 calcium binding protein A13,,,1.666816596
187,P46060,HGNC:9854,RANGAP1,Ran GTPase activating protein 1,Fug1|KIAA1835,,1.047226633
188,P49916,HGNC:6600,LIG3,DNA ligase 3,LIG3alpha,DNA ligase III,1.301470995
189,Q16650,HGNC:11590,TBR1,T-box brain transcription factor 1,,,1.098851861
190,O75391,HGNC:11216,SPAG7,sperm associated antigen 7,FSA-1|ACRP|MGC20134,,1.20504334
191,P35637,HGNC:4010,FUS,FUS RNA binding protein,TLS|FUS1|hnRNP-P2|HNRNPP2,heterogeneous nuclear ribonucleoprotein P2|translocated in liposarcoma,1.175810536
192,P10074,HGNC:4930,ZBTB48,zinc finger and BTB domain containing 48,ZNF855|TZAP,telomeric zinc finger-associated protein,1.22014171
193,O75150,HGNC:16867,RNF40,ring finger protein 40,KIAA0661|RBP95|BRE1B|STARING,BRE1 E3 ubiquitin ligase homolog B (S. cerevisiae),1.081463857
194,Q9UBF1,HGNC:13574,MAGEC2,MAGE family member C2,CT10|MAGE-C2|HCA587,cancer/testis antigen 10,3.308006071
195,P60484,HGNC:9588,PTEN,phosphatase and tensin homolog,MMAC1|TEP1|PTEN1,"mutated in multiple advanced cancers 1|Phosphatidylinositol 3,4,5-trisphosphate 3-phosphatase and dual-specificity protein phosphatase PTEN",1.460596903
196,A1YPR0,HGNC:31700,ZBTB7C,zinc finger and BTB domain containing 7C,ZNF857C,,1.233703461
197,O00221,HGNC:7799,NFKBIE,NFKB inhibitor epsilon,IKBE,NF-kappa-B inhibitor epsilon,1.624065568
198,Q8TF72,HGNC:30422,SHROOM3,shroom family member 3,ShrmL|SHRM|KIAA1481|APXL3,,1.261216405
199,Q9NP95,HGNC:3677,FGF20,fibroblast growth factor 20,,,1.259653463
200,O60678,HGNC:30163,PRMT3,protein arginine methyltransferase 3,,,1.748374073
201,O14776,HGNC:15630,TCERG1,transcription elongation regulator 1,CA150|Urn1,"transcription factor CA150|co-activator of 150 kDa|TATA box binding protein (TBP)-associated factor, RNA polymerase II, S, 150kD|TATA box-binding protein-associated factor 2S",1.245827121
202,O60861,HGNC:4169,GAS7,growth arrest specific 7,KIAA0394|MGC1348,,5.619475361
203,A8MZ36,HGNC:35236,EVPLL,envoplakin like,,,2.066730317
204,Q9UHD8,HGNC:7323,SEPTIN9,septin 9,MSF1|KIAA0991|PNUTL4|AF17q25|SeptD1,Ov/Br septin|peanut-like 4 (Drosophila),1.105049337
205,O60749,HGNC:11173,SNX2,sorting nexin 2,,,2.040719417
206,Q8IW35,HGNC:26244,CEP97,centrosomal protein 97,FLJ23047,,1.388246401
207,Q96FZ7,HGNC:25675,CHMP6,charged multivesicular body protein 6,FLJ11749|VPS20,,1.381467287
208,Q8WVZ9,HGNC:25266,KBTBD7,kelch repeat and BTB domain containing 7,DKFZP434E2318,,9.290669973
209,Q6P0N0,HGNC:20190,MIS18BP1,MIS18 binding protein 1,M18BP1|FLJ11186|KIAA1903|KNL2,kinetochore null 2 homolog (C. elegans),2.148725564
210,Q5TFG8,HGNC:21174,ZC2HC1B,zinc finger C2HC-type containing 1B,dJ468K18.5,,1.548957323
211,Q92817,HGNC:3503,EVPL,envoplakin,EVPK,,1.43622163
212,Q9BV57,HGNC:30576,ADI1,acireductone dioxygenase 1,SIPL|MTCBP-1|ARD|APL1|FLJ10913|HMFT1638|mtnD,membrane-type 1 matrix metalloproteinase cytoplasmic tail binding protein-1,1.226045034
213,Q9UK41,HGNC:18178,VPS28,VPS28 subunit of ESCRT-I,CIIA,,1.386229674
214,P50548,HGNC:3444,ERF,ETS2 repressor factor,PE-2|PE2,,2.115318143
215,Q9HCS5,HGNC:13278,EPB41L4A,erythrocyte membrane protein band 4.1 like 4A,NBL4,,1.245570027
216,O15381,HGNC:8070,NVL,nuclear VCP like,NVL2,Nuclear valosin-containing protein-like|nuclear VCP-like protein,1.628351622
217,P49754,HGNC:12713,VPS41,VPS41 subunit of HOPS complex,HVSP41,,1.872360666
218,P54296,HGNC:7614,MYOM2,myomesin 2,,,2.636055593
219,Q8TDY4,HGNC:14987,ASAP3,"ArfGAP with SH3 domain, ankyrin repeat and PH domain 3",FLJ20199|UPLC1|CENTB6,"centaurin, beta 6",1.357755409
220,Q8TDH9,HGNC:18561,BLOC1S5,biogenesis of lysosomal organelles complex 1 subunit 5,MU|dJ303A1.3,,1.762502085
221,Q8WV41,HGNC:28468,SNX33,sorting nexin 33,MGC32065|SH3PXD3C|SNX30,,1.226938905
222,Q92551,HGNC:18360,IP6K1,inositol hexakisphosphate kinase 1,KIAA0263,,17.97343819
223,Q96M02,HGNC:26563,C10orf90,chromosome 10 open reading frame 90,FLJ32938|bA422P15.2|FATS,fragile-site associated tumor suppressor,2.772489834
224,Q9H977,HGNC:25770,WDR54,WD repeat domain 54,FLJ12953,,1.741068121
225,Q9HCH0,HGNC:29321,NCKAP5L,NCK associated protein 5 like,,,1.380614097
226,Q9NSC5,HGNC:17514,HOMER3,homer scaffold protein 3,HOMER-3,,1.480292428
227,Q9UBZ4,HGNC:17889,APEX2,apurinic/apyrimidinic endodeoxyribonuclease 2,APEXL2|APE2|XTH2|ZGRF2,"zinc finger, GRF-type containing 2",15.643596
228,P22528,HGNC:11260,SPRR1B,small proline rich protein 1B,GADD33,cornifin-B,1.562161614
229,P0C7W6,HGNC:30524,CCDC172,coiled-coil domain containing 172,MGC35062,,3.053878401
230,P32321,HGNC:2710,DCTD,dCMP deaminase,,,1.115269275
231,Q5SYC1,HGNC:23046,CLVS2,clavesin 2,bA160A10.4,,1.111169384
232,Q9NYY3,HGNC:19699,PLK2,polo like kinase 2,SNK,serum-inducible kinase,11.21466502
233,Q9Y3M2,HGNC:1307,CBY1,"chibby 1, beta catenin antagonist",PIGEA14|PIGEA-14|Chibby|Cby|Chibby1,chibby CTNNB1-mediated transcription inhibitor,2.106023298
234,Q15126,HGNC:9141,PMVK,phosphomevalonate kinase,PMK|PMKA|HUMPMKI,,1.392116181
235,P05230,HGNC:3665,FGF1,fibroblast growth factor 1,AFGF|ECGF|ECGFA|ECGFB|HBGF1|ECGF-beta|FGF-alpha|GLIO703,"heparin-binding growth factor 1|endothelial cell growth factor, alpha|endothelial cell growth factor, beta",3.332351228
236,Q8IUD6,HGNC:21158,RNF135,ring finger protein 135,MGC13061,riplet,3.479219447
237,Q96C24,HGNC:15588,SYTL4,synaptotagmin like 4,Slp4,granuphilin-a|exophilin-2,1.35056776
238,Q9NQT4,HGNC:24662,EXOSC5,exosome component 5,hRrp46p|Rrp46p|RRP46|RRP41B|MGC12901|p12B,exosome component Rrp46,1.786435153
